Area,Month,Burglary,Theft,Robbery,GBV,Narcotics
Dhaka div,2019-01,28,70,11,216,1731
Dhaka div,2019-02,21,79,7,193,1647
Dhaka div,2019-03,22,74,8,201,1609
Dhaka div,2019-04,28,85,15,322,1888
Dhaka div,2019-05,31,88,12,331,1863
Dhaka div,2019-06,34,86,17,315,1350
Dhaka div,2019-07,29,93,13,338,1577
Dhaka div,2019-08,36,84,12,279,1441
Dhaka div,2019-09,40,119,10,330,1471
Dhaka div,2019-10,35,101,17,339,1326
Dhaka div,2019-11,31,83,16,302,1245
Dhaka div,2019-12,28,87,16,266,1111
Dhaka div,2020-01,39,95,18,253,1183
Dhaka div,2020-02,24,74,14,263,1186
Dhaka div,2020-03,25,80,18,265,1009
Dhaka div,2020-04,11,40,7,128,190
Dhaka div,2020-05,27,66,12,158,331
Dhaka div,2020-06,31,73,13,269,646
Dhaka div,2020-07,31,104,18,268,1015
Dhaka div,2020-08,32,59,17,318,712
Dhaka div,2020-09,33,112,17,370,747
Dhaka div,2020-10,45,107,23,470,683
Dhaka div,2020-11,34,100,19,358,827
Dhaka div,2020-12,51,91,22,278,683
Dhaka div,2021-01,45,132,19,279,643
Dhaka div,2021-02,37,116,17,277,846
Dhaka div,2021-03,46,107,28,332,799
Dhaka div,2021-04,26,118,23,301,592
Dhaka div,2021-05,30,98,19,304,683
Dhaka div,2021-06,40,112,13,363,1018
Dhaka div,2021-07,45,100,14,288,678
Dhaka div,2021-08,50,115,16,332,843
Dhaka div,2021-09,30,151,27,319,816
Dhaka div,2021-10,35,123,28,299,690
Dhaka div,2021-11,25,98,18,251,667
Dhaka div,2021-12,32,114,18,214,610
Dhaka div,2022-01,40,119,18,209,761
Dhaka div,2022-02,38,125,22,250,861
Dhaka div,2022-03,51,160,25,312,834
Dhaka div,2022-04,46,145,26,347,752
Dhaka div,2022-05,32,102,24,333,855
Dhaka div,2022-06,48,153,20,323,838
Dhaka div,2022-07,47,133,31,296,751
Dhaka div,2022-08,64,143,31,337,856
Dhaka div,2022-09,46,128,31,310,902
Dhaka div,2022-10,41,126,24,320,919
Dhaka div,2022-11,43,105,30,260,944
Dhaka div,2022-12,27,135,26,182,957
Dhaka div,2023-01,30,117,25,221,961
Dhaka div,2023-02,29,115,21,235,935
Dhaka div,2023-03,38,118,22,293,1041
Dhaka div,2023-04,23,113,35,276,949
Dhaka div,2023-05,34,99,17,366,1122
Dhaka div,2023-06,35,136,24,334,970
Dhaka div,2023-07,41,126,15,318,1063
Dhaka div,2023-08,42,117,20,298,1124
Dhaka div,2023-09,39,112,19,275,1016
Dhaka div,2023-10,47,113,28,221,812
Dhaka div,2023-11,34,93,19,258,666
Dhaka div,2023-12,37,91,18,196,801
Dhaka div,2024-01,38,93,29,194,824
Dhaka div,2024-02,32,115,27,252,1002
Dhaka div,2024-03,39,108,32,247,1007
Dhaka div,2024-04,25,103,18,281,826
Dhaka div,2024-05,39,88,29,323,887
Dhaka div,2024-06,39,91,17,278,804
Dhaka div,2024-07,40,81,20,286,765
Dhaka div,2024-08,32,51,7,185,114
Dhaka div,2024-09,45,82,22,253,207
Dhaka div,2024-10,49,93,27,225,444
Dhaka div,2024-11,44,86,23,217,641
Dhaka div,2024-12,42,93,22,187,636
Dhaka div,2025-01,44,106,31,229,725
Dhaka div,2025-02,37,111,25,229,563
Dhaka div,2025-03,43,144,42,375,620
Dhaka div,2025-04,4,96,28,345,674
Dhaka div,2025-05,45,121,39,375,753
Dhaka div,2025-06,50,104,37,318,711
Dhaka div,2025-07,70,142,36,364,879
Chattogram div,2019-01,25,51,11,147,1108
Chattogram div,2019-02,34,57,3,149,1444
Chattogram div,2019-03,29,54,5,166,1161
Chattogram div,2019-04,29,64,6,274,1298
Chattogram div,2019-05,24,81,9,295,1303
Chattogram div,2019-06,27,83,11,295,1173
Chattogram div,2019-07,51,69,13,262,1195
Chattogram div,2019-08,36,66,5,221,1213
Chattogram div,2019-09,44,90,9,290,1284
Chattogram div,2019-10,31,97,13,274,1075
Chattogram div,2019-11,25,82,14,267,1058
Chattogram div,2019-12,35,73,7,220,984
Chattogram div,2020-01,42,91,12,190,1162
Chattogram div,2020-02,35,89,16,239,1077
Chattogram div,2020-03,32,65,9,230,976
Chattogram div,2020-04,17,37,5,108,321
Chattogram div,2020-05,21,58,10,143,613
Chattogram div,2020-06,35,62,7,215,636
Chattogram div,2020-07,39,96,12,241,1303
Chattogram div,2020-08,53,85,10,233,748
Chattogram div,2020-09,55,105,18,260,765
Chattogram div,2020-10,47,110,20,481,810
Chattogram div,2020-11,30,112,13,297,815
Chattogram div,2020-12,40,110,12,251,884
Chattogram div,2021-01,34,94,9,189,920
Chattogram div,2021-02,33,91,11,198,891
Chattogram div,2021-03,24,98,12,259,1118
Chattogram div,2021-04,19,67,6,209,845
Chattogram div,2021-05,36,91,14,250,1021
Chattogram div,2021-06,27,108,14,294,1205
Chattogram div,2021-07,43,98,10,225,1040
Chattogram div,2021-08,49,95,16,245,1314
Chattogram div,2021-09,42,109,8,266,1345
Chattogram div,2021-10,32,105,10,265,945
Chattogram div,2021-11,37,80,10,214,988
Chattogram div,2021-12,25,74,6,209,957
Chattogram div,2022-01,32,94,14,187,1115
Chattogram div,2022-02,22,80,9,160,1136
Chattogram div,2022-03,28,108,14,231,1293
Chattogram div,2022-04,26,103,16,181,1212
Chattogram div,2022-05,31,86,9,213,1027
Chattogram div,2022-06,34,103,12,237,1172
Chattogram div,2022-07,42,101,15,246,1087
Chattogram div,2022-08,34,93,14,255,1094
Chattogram div,2022-09,40,107,21,230,1105
Chattogram div,2022-10,42,88,20,214,988
Chattogram div,2022-11,27,66,14,177,1077
Chattogram div,2022-12,28,82,13,155,1001
Chattogram div,2023-01,36,100,16,134,1082
Chattogram div,2023-02,32,96,12,142,920
Chattogram div,2023-03,24,63,21,170,1081
Chattogram div,2023-04,31,77,18,165,908
Chattogram div,2023-05,34,89,19,214,1052
Chattogram div,2023-06,32,94,16,184,975
Chattogram div,2023-07,48,96,15,202,1079
Chattogram div,2023-08,39,102,22,173,1059
Chattogram div,2023-09,30,107,15,185,1007
Chattogram div,2023-10,44,114,23,160,882
Chattogram div,2023-11,34,84,14,125,707
Chattogram div,2023-12,38,93,21,166,873
Chattogram div,2024-01,27,115,16,128,795
Chattogram div,2024-02,26,121,15,156,791
Chattogram div,2024-03,29,122,30,151,775
Chattogram div,2024-04,34,128,24,194,623
Chattogram div,2024-05,28,88,14,181,665
Chattogram div,2024-06,45,82,22,193,661
Chattogram div,2024-07,45,85,21,180,646
Chattogram div,2024-08,25,47,17,81,197
Chattogram div,2024-09,32,88,21,168,418
Chattogram div,2024-10,52,101,30,192,606
Chattogram div,2024-11,37,90,27,174,718
Chattogram div,2024-12,39,102,26,159,685
Chattogram div,2025-01,50,92,27,191,703
Chattogram div,2025-02,43,75,14,171,601
Chattogram div,2025-03,39,128,25,249,724
Chattogram div,2025-04,3,98,19,278,704
Chattogram div,2025-05,53,85,20,242,766
Chattogram div,2025-06,43,98,13,246,718
Chattogram div,2025-07,58,124,25,239,863
Rajshahi div,2019-01,5,40,8,99,1166
Rajshahi div,2019-02,3,25,3,128,1424
Rajshahi div,2019-03,4,35,2,138,1148
Rajshahi div,2019-04,5,46,8,212,1226
Rajshahi div,2019-05,10,41,5,241,1158
Rajshahi div,2019-06,8,29,7,250,1046
Rajshahi div,2019-07,8,42,4,256,1378
Rajshahi div,2019-08,7,43,9,196,1245
Rajshahi div,2019-09,9,38,9,284,1543
Rajshahi div,2019-10,6,41,10,230,1414
Rajshahi div,2019-11,7,35,6,236,1362
Rajshahi div,2019-12,5,43,4,204,1439
Rajshahi div,2020-01,5,52,8,219,1549
Rajshahi div,2020-02,6,43,7,204,1542
Rajshahi div,2020-03,7,34,3,220,1441
Rajshahi div,2020-04,3,23,3,160,276
Rajshahi div,2020-05,8,29,9,163,328
Rajshahi div,2020-06,7,41,4,230,650
Rajshahi div,2020-07,5,63,3,220,1240
Rajshahi div,2020-08,10,44,9,342,938
Rajshahi div,2020-09,12,58,6,348,969
Rajshahi div,2020-10,11,46,8,324,1068
Rajshahi div,2020-11,7,39,7,235,971
Rajshahi div,2020-12,6,43,4,196,766
Rajshahi div,2021-01,5,39,7,182,818
Rajshahi div,2021-02,6,39,6,158,802
Rajshahi div,2021-03,7,48,7,210,992
Rajshahi div,2021-04,3,43,5,213,889
Rajshahi div,2021-05,8,55,5,187,852
Rajshahi div,2021-06,7,65,7,231,863
Rajshahi div,2021-07,5,58,8,198,853
Rajshahi div,2021-08,10,76,7,230,1535
Rajshahi div,2021-09,12,64,9,245,1242
Rajshahi div,2021-10,11,61,8,185,1224
Rajshahi div,2021-11,7,44,7,147,908
Rajshahi div,2021-12,6,54,11,124,846
Rajshahi div,2022-01,5,52,10,142,1005
Rajshahi div,2022-02,14,64,6,172,1107
Rajshahi div,2022-03,7,87,7,227,1165
Rajshahi div,2022-04,7,83,11,237,1057
Rajshahi div,2022-05,7,58,12,251,1121
Rajshahi div,2022-06,12,83,6,259,1084
Rajshahi div,2022-07,7,55,6,262,1146
Rajshahi div,2022-08,14,99,13,302,1288
Rajshahi div,2022-09,9,84,12,247,1083
Rajshahi div,2022-10,13,75,17,208,1128
Rajshahi div,2022-11,14,73,7,182,1081
Rajshahi div,2022-12,9,59,6,135,940
Rajshahi div,2023-01,12,78,11,146,1062
Rajshahi div,2023-02,5,73,10,150,996
Rajshahi div,2023-03,10,90,9,209,1133
Rajshahi div,2023-04,7,74,10,166,889
Rajshahi div,2023-05,6,83,12,227,999
Rajshahi div,2023-06,4,74,9,208,935
Rajshahi div,2023-07,12,90,10,228,1134
Rajshahi div,2023-08,19,89,16,218,1092
Rajshahi div,2023-09,12,93,12,214,1035
Rajshahi div,2023-10,11,90,13,202,989
Rajshahi div,2023-11,4,57,5,178,793
Rajshahi div,2023-12,8,61,4,143,997
Rajshahi div,2024-01,4,77,11,130,867
Rajshahi div,2024-02,9,77,9,164,986
Rajshahi div,2024-03,5,87,6,205,1161
Rajshahi div,2024-04,7,78,7,218,982
Rajshahi div,2024-05,2,67,13,227,892
Rajshahi div,2024-06,10,79,8,221,835
Rajshahi div,2024-07,6,83,14,207,937
Rajshahi div,2024-08,6,44,5,140,174
Rajshahi div,2024-09,12,59,12,219,287
Rajshahi div,2024-10,7,68,19,212,457
Rajshahi div,2024-11,7,68,4,179,521
Rajshahi div,2024-12,5,74,11,132,520
Rajshahi div,2025-01,10,73,12,200,532
Rajshahi div,2025-02,8,47,11,196,418
Rajshahi div,2025-03,8,79,10,271,485
Rajshahi div,2025-04,4,84,11,265,606
Rajshahi div,2025-05,7,70,11,298,519
Rajshahi div,2025-06,8,56,11,230,441
Rajshahi div,2025-07,9,89,14,235,468
Barishal div,2019-01,16,23,3,86,363
Barishal div,2019-02,13,15,4,96,349
Barishal div,2019-03,15,12,0,119,334
Barishal div,2019-04,20,19,5,152,386
Barishal div,2019-05,11,20,2,184,323
Barishal div,2019-06,15,20,5,152,271
Barishal div,2019-07,19,22,6,142,358
Barishal div,2019-08,13,19,1,153,364
Barishal div,2019-09,15,16,2,148,340
Barishal div,2019-10,16,15,3,141,310
Barishal div,2019-11,14,19,1,111,284
Barishal div,2019-12,11,19,1,93,286
Barishal div,2020-01,11,21,3,105,299
Barishal div,2020-02,9,26,4,106,299
Barishal div,2020-03,13,21,4,110,327
Barishal div,2020-04,11,8,0,95,68
Barishal div,2020-05,9,10,2,106,117
Barishal div,2020-06,16,10,3,108,223
Barishal div,2020-07,13,17,3,111,290
Barishal div,2020-08,13,21,3,141,210
Barishal div,2020-09,15,22,6,145,224
Barishal div,2020-10,14,18,2,178,225
Barishal div,2020-11,13,22,1,135,261
Barishal div,2020-12,6,20,2,92,229
Barishal div,2021-01,10,17,1,85,234
Barishal div,2021-02,12,23,1,110,197
Barishal div,2021-03,11,24,1,108,307
Barishal div,2021-04,12,20,4,119,188
Barishal div,2021-05,15,25,4,85,235
Barishal div,2021-06,8,24,5,123,214
Barishal div,2021-07,16,19,0,108,181
Barishal div,2021-08,13,27,3,121,286
Barishal div,2021-09,8,26,1,131,272
Barishal div,2021-10,19,19,4,128,246
Barishal div,2021-11,10,15,2,93,209
Barishal div,2021-12,12,19,0,89,191
Barishal div,2022-01,13,29,3,79,273
Barishal div,2022-02,11,16,5,95,268
Barishal div,2022-03,13,29,6,126,252
Barishal div,2022-04,13,25,3,106,241
Barishal div,2022-05,9,21,5,116,246
Barishal div,2022-06,12,27,3,121,221
Barishal div,2022-07,10,23,1,109,252
Barishal div,2022-08,15,29,4,130,220
Barishal div,2022-09,6,38,2,111,228
Barishal div,2022-10,19,23,1,125,198
Barishal div,2022-11,8,26,3,88,203
Barishal div,2022-12,9,28,1,77,216
Barishal div,2023-01,8,26,2,78,248
Barishal div,2023-02,9,15,2,65,204
Barishal div,2023-03,10,34,3,92,201
Barishal div,2023-04,6,21,2,72,191
Barishal div,2023-05,8,28,2,109,242
Barishal div,2023-06,11,33,3,138,204
Barishal div,2023-07,14,29,1,123,237
Barishal div,2023-08,16,28,4,142,228
Barishal div,2023-09,15,23,3,130,196
Barishal div,2023-10,11,22,2,131,187
Barishal div,2023-11,14,11,1,119,163
Barishal div,2023-12,9,25,3,102,186
Barishal div,2024-01,23,25,0,95,179
Barishal div,2024-02,13,35,4,133,187
Barishal div,2024-03,10,26,2,150,215
Barishal div,2024-04,9,28,3,130,176
Barishal div,2024-05,7,17,1,152,151
Barishal div,2024-06,8,23,1,172,165
Barishal div,2024-07,17,30,1,192,196
Barishal div,2024-08,14,25,3,129,22
Barishal div,2024-09,14,28,2,145,46
Barishal div,2024-10,15,25,2,165,111
Barishal div,2024-11,29,31,6,152,135
Barishal div,2024-12,21,36,5,96,124
Barishal div,2025-01,15,40,2,98,138
Barishal div,2025-02,14,25,4,120,125
Barishal div,2025-03,13,44,1,164,150
Barishal div,2025-04,5,28,2,197,154
Barishal div,2025-05,16,27,5,181,159
Barishal div,2025-06,12,36,3,169,134
Barishal div,2025-07,24,43,7,188,153
Khulna div,2019-01,7,36,4,99,814
Khulna div,2019-02,6,41,2,104,1099
Khulna div,2019-03,13,36,2,125,715
Khulna div,2019-04,15,28,4,161,697
Khulna div,2019-05,11,35,4,171,642
Khulna div,2019-06,20,49,17,196,568
Khulna div,2019-07,17,62,8,213,956
Khulna div,2019-08,19,46,9,174,809
Khulna div,2019-09,25,64,5,203,877
Khulna div,2019-10,22,54,5,175,805
Khulna div,2019-11,19,62,7,169,743
Khulna div,2019-12,18,39,5,153,760
Khulna div,2020-01,21,58,5,140,779
Khulna div,2020-02,19,49,6,168,766
Khulna div,2020-03,17,57,12,195,616
Khulna div,2020-04,9,41,2,127,242
Khulna div,2020-05,8,45,2,131,294
Khulna div,2020-06,19,63,9,188,436
Khulna div,2020-07,24,92,10,215,716
Khulna div,2020-08,15,63,8,212,517
Khulna div,2020-09,24,88,7,187,535
Khulna div,2020-10,24,79,8,242,527
Khulna div,2020-11,17,75,6,193,542
Khulna div,2020-12,15,63,8,137,526
Khulna div,2021-01,16,65,12,157,559
Khulna div,2021-02,21,91,4,151,632
Khulna div,2021-03,23,89,11,196,848
Khulna div,2021-04,13,66,10,200,489
Khulna div,2021-05,10,63,5,177,571
Khulna div,2021-06,19,77,8,196,583
Khulna div,2021-07,23,62,4,129,446
Khulna div,2021-08,19,70,9,184,681
Khulna div,2021-09,22,76,8,194,539
Khulna div,2021-10,24,82,8,170,519
Khulna div,2021-11,6,59,5,123,513
Khulna div,2021-12,12,74,3,138,497
Khulna div,2022-01,18,64,10,131,636
Khulna div,2022-02,13,70,5,120,745
Khulna div,2022-03,12,67,5,160,578
Khulna div,2022-04,11,88,10,154,616
Khulna div,2022-05,16,67,2,184,574
Khulna div,2022-06,14,74,4,184,672
Khulna div,2022-07,18,84,6,180,574
Khulna div,2022-08,26,92,6,168,644
Khulna div,2022-09,21,101,3,202,650
Khulna div,2022-10,21,96,5,168,580
Khulna div,2022-11,21,92,7,163,626
Khulna div,2022-12,9,75,3,118,631
Khulna div,2023-01,10,76,4,121,686
Khulna div,2023-02,13,72,10,109,676
Khulna div,2023-03,16,83,7,168,705
Khulna div,2023-04,12,94,9,122,610
Khulna div,2023-05,16,83,7,170,683
Khulna div,2023-06,13,80,5,197,689
Khulna div,2023-07,20,89,4,148,714
Khulna div,2023-08,25,77,6,164,708
Khulna div,2023-09,13,86,4,154,806
Khulna div,2023-10,9,82,3,150,668
Khulna div,2023-11,14,51,6,113,529
Khulna div,2023-12,12,53,2,82,597
Khulna div,2024-01,15,59,5,71,561
Khulna div,2024-02,17,61,8,104,686
Khulna div,2024-03,17,73,7,139,666
Khulna div,2024-04,9,58,2,129,618
Khulna div,2024-05,14,48,6,134,555
Khulna div,2024-06,17,49,6,177,548
Khulna div,2024-07,16,84,7,178,609
Khulna div,2024-08,5,39,5,90,86
Khulna div,2024-09,17,65,6,117,183
Khulna div,2024-10,22,76,14,157,312
Khulna div,2024-11,17,77,10,134,416
Khulna div,2024-12,13,78,14,125,430
Khulna div,2025-01,17,79,10,153,390
Khulna div,2025-02,18,60,11,140,315
Khulna div,2025-03,16,81,11,218,366
Khulna div,2025-04,14,64,16,207,438
Khulna div,2025-05,13,78,8,192,402
Khulna div,2025-06,19,61,9,156,393
Khulna div,2025-07,23,81,10,225,389
DMP,2019-01,49,127,10,118,1370
DMP,2019-02,42,126,8,148,1262
DMP,2019-03,51,132,7,172,1564
DMP,2019-04,38,107,10,216,1603
DMP,2019-05,63,122,16,211,1524
DMP,2019-06,56,108,7,234,1121
DMP,2019-07,69,139,18,205,1627
DMP,2019-08,58,98,16,205,1371
DMP,2019-09,70,143,17,258,1496
DMP,2019-10,64,163,11,247,1192
DMP,2019-11,60,141,22,210,1355
DMP,2019-12,74,111,13,176,1395
DMP,2020-01,65,138,19,172,1323
DMP,2020-02,74,113,15,194,1205
DMP,2020-03,49,110,13,187,1129
DMP,2020-04,21,22,5,47,120
DMP,2020-05,31,43,8,68,161
DMP,2020-06,45,92,13,185,465
DMP,2020-07,55,122,22,216,1418
DMP,2020-08,65,89,13,222,978
DMP,2020-09,60,126,26,214,1438
DMP,2020-10,61,125,18,297,1429
DMP,2020-11,72,123,10,225,1450
DMP,2020-12,60,114,14,171,1503
DMP,2021-01,68,128,15,185,1532
DMP,2021-02,55,101,8,171,1224
DMP,2021-03,50,115,8,223,1303
DMP,2021-04,50,95,13,177,947
DMP,2021-05,52,116,17,172,1064
DMP,2021-06,58,105,15,213,1373
DMP,2021-07,44,98,7,190,970
DMP,2021-08,74,124,13,171,1384
DMP,2021-09,44,105,12,221,1438
DMP,2021-10,46,110,13,215,1472
DMP,2021-11,41,126,12,134,1981
DMP,2021-12,61,120,11,146,1525
DMP,2022-01,49,112,10,170,1640
DMP,2022-02,49,135,16,141,1549
DMP,2022-03,60,146,16,199,1465
DMP,2022-04,68,151,8,184,1217
DMP,2022-05,68,133,11,186,1411
DMP,2022-06,63,131,10,199,1342
DMP,2022-07,70,121,13,174,1190
DMP,2022-08,73,151,10,181,1448
DMP,2022-09,61,175,15,173,1241
DMP,2022-10,51,119,9,158,1240
DMP,2022-11,51,134,13,142,1331
DMP,2022-12,50,95,14,105,961
DMP,2023-01,42,122,19,122,1303
DMP,2023-02,46,108,15,126,1139
DMP,2023-03,34,126,14,146,1233
DMP,2023-04,54,130,13,133,969
DMP,2023-05,45,124,11,158,1155
DMP,2023-06,36,134,25,136,1066
DMP,2023-07,48,103,12,134,1143
DMP,2023-08,53,153,13,157,1184
DMP,2023-09,53,124,20,141,1141
DMP,2023-10,38,136,20,128,844
DMP,2023-11,56,121,14,118,661
DMP,2023-12,42,130,23,103,951
DMP,2024-01,63,141,25,110,865
DMP,2024-02,51,134,26,114,800
DMP,2024-03,53,163,28,127,835
DMP,2024-04,69,140,15,149,623
DMP,2024-05,65,194,19,172,738
DMP,2024-06,80,191,16,147,568
DMP,2024-07,32,134,15,109,415
DMP,2024-08,15,43,4,51,79
DMP,2024-09,33,75,14,110,176
DMP,2024-10,47,97,20,125,358
DMP,2024-11,39,125,27,115,421
DMP,2024-12,60,131,39,131,529
DMP,2025-01,60,146,54,127,583
DMP,2025-02,36,117,46,142,474
DMP,2025-03,43,137,38,162,538
DMP,2025-04,48,118,37,191,503
DMP,2025-05,50,128,40,183,546
DMP,2025-06,55,90,32,168,505
DMP,2025-07,46,101,38,171,528
CMP,2019-01,6,15,3,22,449
CMP,2019-02,9,11,3,31,379
CMP,2019-03,7,17,4,32,446
CMP,2019-04,8,16,9,50,478
CMP,2019-05,6,20,13,46,548
CMP,2019-06,7,16,8,51,414
CMP,2019-07,13,21,7,73,450
CMP,2019-08,16,20,17,68,400
CMP,2019-09,13,15,10,80,441
CMP,2019-10,11,15,9,97,432
CMP,2019-11,8,20,5,94,421
CMP,2019-12,16,12,6,60,373
CMP,2020-01,12,26,5,61,435
CMP,2020-02,13,13,5,64,396
CMP,2020-03,9,13,6,64,344
CMP,2020-04,4,10,4,16,51
CMP,2020-05,11,20,3,23,51
CMP,2020-06,3,7,5,33,133
CMP,2020-07,9,25,8,69,303
CMP,2020-08,13,13,4,105,149
CMP,2020-09,16,25,10,73,220
CMP,2020-10,12,21,19,115,293
CMP,2020-11,13,23,7,96,256
CMP,2020-12,8,20,5,78,268
CMP,2021-01,8,17,3,77,240
CMP,2021-02,12,26,4,55,270
CMP,2021-03,15,22,6,77,334
CMP,2021-04,11,22,4,51,181
CMP,2021-05,17,21,4,54,209
CMP,2021-06,15,25,6,87,254
CMP,2021-07,15,29,5,57,107
CMP,2021-08,21,35,7,66,184
CMP,2021-09,25,26,10,70,213
CMP,2021-10,12,23,8,102,169
CMP,2021-11,18,24,10,74,258
CMP,2021-12,12,31,9,80,201
CMP,2022-01,9,36,3,53,221
CMP,2022-02,18,25,7,46,167
CMP,2022-03,9,29,3,69,156
CMP,2022-04,21,48,11,75,175
CMP,2022-05,19,28,9,76,144
CMP,2022-06,11,29,11,66,142
CMP,2022-07,10,28,6,51,137
CMP,2022-08,13,24,6,70,210
CMP,2022-09,16,26,8,69,182
CMP,2022-10,13,32,5,56,182
CMP,2022-11,20,36,5,42,213
CMP,2022-12,13,36,5,28,173
CMP,2023-01,11,29,10,29,233
CMP,2023-02,5,23,4,39,235
CMP,2023-03,13,35,12,57,226
CMP,2023-04,15,36,10,50,208
CMP,2023-05,11,41,12,56,227
CMP,2023-06,15,36,9,40,202
CMP,2023-07,13,20,12,53,196
CMP,2023-08,21,48,10,49,229
CMP,2023-09,15,37,12,33,199
CMP,2023-10,14,29,2,41,207
CMP,2023-11,8,29,2,42,177
CMP,2023-12,10,44,10,24,248
CMP,2024-01,15,31,5,30,191
CMP,2024-02,15,31,11,35,228
CMP,2024-03,13,34,11,33,164
CMP,2024-04,12,37,12,37,132
CMP,2024-05,18,29,7,57,179
CMP,2024-06,8,29,8,31,152
CMP,2024-07,11,27,9,35,109
CMP,2024-08,9,18,3,20,33
CMP,2024-09,11,27,6,36,59
CMP,2024-10,10,24,10,35,75
CMP,2024-11,16,36,10,25,112
CMP,2024-12,11,26,6,25,121
CMP,2025-01,12,28,7,26,152
CMP,2025-02,11,22,10,23,101
CMP,2025-03,8,17,4,46,140
CMP,2025-04,16,27,3,51,120
CMP,2025-05,8,30,8,47,130
CMP,2025-06,15,36,7,34,133
CMP,2025-07,16,28,8,54,156
Sylhet div,2019-01,7,33,5,67,139
Sylhet div,2019-02,5,34,4,59,258
Sylhet div,2019-03,4,44,2,72,215
Sylhet div,2019-04,7,32,2,97,236
Sylhet div,2019-05,2,39,3,90,216
Sylhet div,2019-06,7,45,5,94,179
Sylhet div,2019-07,8,37,1,99,248
Sylhet div,2019-08,9,39,2,84,252
Sylhet div,2019-09,10,52,2,97,279
Sylhet div,2019-10,8,46,2,96,241
Sylhet div,2019-11,1,31,6,66,230
Sylhet div,2019-12,3,39,4,60,222
Sylhet div,2020-01,5,45,2,65,195
Sylhet div,2020-02,4,30,3,67,220
Sylhet div,2020-03,10,35,3,88,167
Sylhet div,2020-04,2,31,0,38,56
Sylhet div,2020-05,3,31,1,51,84
Sylhet div,2020-06,5,31,1,66,142
Sylhet div,2020-07,5,50,0,75,329
Sylhet div,2020-08,7,42,3,88,210
Sylhet div,2020-09,6,39,1,107,193
Sylhet div,2020-10,7,52,3,127,169
Sylhet div,2020-11,8,34,6,84,167
Sylhet div,2020-12,5,37,4,70,186
Sylhet div,2021-01,5,44,3,81,150
Sylhet div,2021-02,5,54,5,75,223
Sylhet div,2021-03,5,40,1,71,174
Sylhet div,2021-04,8,33,4,72,151
Sylhet div,2021-05,5,27,5,84,156
Sylhet div,2021-06,5,48,4,113,171
Sylhet div,2021-07,3,42,2,78,179
Sylhet div,2021-08,5,48,3,104,218
Sylhet div,2021-09,10,45,5,112,177
Sylhet div,2021-10,5,27,6,79,140
Sylhet div,2021-11,8,35,2,59,203
Sylhet div,2021-12,3,39,3,57,117
Sylhet div,2022-01,7,36,2,60,137
Sylhet div,2022-02,3,37,2,81,163
Sylhet div,2022-03,8,50,3,83,261
Sylhet div,2022-04,2,39,6,93,155
Sylhet div,2022-05,5,30,1,83,184
Sylhet div,2022-06,5,36,3,87,151
Sylhet div,2022-07,5,41,1,75,177
Sylhet div,2022-08,2,47,3,96,173
Sylhet div,2022-09,8,59,2,109,203
Sylhet div,2022-10,8,32,2,89,175
Sylhet div,2022-11,4,51,3,62,141
Sylhet div,2022-12,3,52,2,58,160
Sylhet div,2023-01,1,51,5,45,190
Sylhet div,2023-02,3,48,4,56,147
Sylhet div,2023-03,7,66,2,53,180
Sylhet div,2023-04,1,59,6,53,152
Sylhet div,2023-05,4,57,2,84,178
Sylhet div,2023-06,3,63,0,67,116
Sylhet div,2023-07,2,41,4,56,152
Sylhet div,2023-08,4,52,1,79,131
Sylhet div,2023-09,6,42,5,62,139
Sylhet div,2023-10,5,60,2,55,98
Sylhet div,2023-11,2,44,3,51,90
Sylhet div,2023-12,4,46,4,42,104
Sylhet div,2024-01,6,55,7,22,89
Sylhet div,2024-02,5,54,4,57,122
Sylhet div,2024-03,10,54,4,58,100
Sylhet div,2024-04,9,53,2,59,84
Sylhet div,2024-05,9,33,3,57,114
Sylhet div,2024-06,5,39,1,54,98
Sylhet div,2024-07,9,60,3,62,114
Sylhet div,2024-08,2,16,6,28,22
Sylhet div,2024-09,9,44,4,64,76
Sylhet div,2024-10,5,49,4,74,145
Sylhet div,2024-11,7,42,6,75,123
Sylhet div,2024-12,7,38,5,56,98
Sylhet div,2025-01,5,39,6,56,151
Sylhet div,2025-02,4,50,6,79,103
Sylhet div,2025-03,5,50,5,97,142
Sylhet div,2025-04,11,38,6,97,165
Sylhet div,2025-05,7,56,5,99,152
Sylhet div,2025-06,5,52,4,92,114
Sylhet div,2025-07,5,51,3,103,133
Mymensingh div,2019-01,5,24,1,87,435
Mymensingh div,2019-02,10,27,1,80,530
Mymensingh div,2019-03,4,19,0,102,467
Mymensingh div,2019-04,4,34,1,166,510
Mymensingh div,2019-05,6,30,0,139,485
Mymensingh div,2019-06,4,32,2,173,503
Mymensingh div,2019-07,6,31,3,155,646
Mymensingh div,2019-08,5,33,4,161,482
Mymensingh div,2019-09,4,48,2,161,766
Mymensingh div,2019-10,5,32,2,160,608
Mymensingh div,2019-11,7,34,2,161,597
Mymensingh div,2019-12,4,33,3,130,520
Mymensingh div,2020-01,4,40,1,138,795
Mymensingh div,2020-02,7,35,1,129,508
Mymensingh div,2020-03,4,31,2,122,436
Mymensingh div,2020-04,1,27,1,58,38
Mymensingh div,2020-05,4,28,0,104,108
Mymensingh div,2020-06,7,35,9,136,236
Mymensingh div,2020-07,6,56,4,143,452
Mymensingh div,2020-08,11,28,2,195,264
Mymensingh div,2020-09,6,41,3,202,220
Mymensingh div,2020-10,10,53,4,265,270
Mymensingh div,2020-11,7,43,0,183,283
Mymensingh div,2020-12,10,42,1,186,293
Mymensingh div,2021-01,9,39,1,142,392
Mymensingh div,2021-02,5,38,3,130,269
Mymensingh div,2021-03,9,44,1,189,488
Mymensingh div,2021-04,6,36,0,168,292
Mymensingh div,2021-05,2,51,2,191,270
Mymensingh div,2021-06,4,43,2,238,307
Mymensingh div,2021-07,4,50,1,194,189
Mymensingh div,2021-08,6,60,2,225,342
Mymensingh div,2021-09,2,60,1,204,354
Mymensingh div,2021-10,1,46,0,179,274
Mymensingh div,2021-11,7,40,0,151,278
Mymensingh div,2021-12,4,37,6,144,215
Mymensingh div,2022-01,5,49,2,128,252
Mymensingh div,2022-02,5,42,1,124,328
Mymensingh div,2022-03,3,56,6,196,309
Mymensingh div,2022-04,1,62,2,182,308
Mymensingh div,2022-05,4,31,4,190,270
Mymensingh div,2022-06,7,44,3,218,330
Mymensingh div,2022-07,6,43,3,199,261
Mymensingh div,2022-08,11,67,4,238,345
Mymensingh div,2022-09,4,50,3,222,314
Mymensingh div,2022-10,5,46,3,193,306
Mymensingh div,2022-11,9,45,2,159,382
Mymensingh div,2022-12,14,27,0,123,275
Mymensingh div,2023-01,7,44,2,108,300
Mymensingh div,2023-02,4,35,2,98,290
Mymensingh div,2023-03,3,42,1,144,313
Mymensingh div,2023-04,3,44,3,103,291
Mymensingh div,2023-05,6,57,2,153,340
Mymensingh div,2023-06,8,48,1,174,303
Mymensingh div,2023-07,5,44,4,172,296
Mymensingh div,2023-08,6,64,0,204,251
Mymensingh div,2023-09,8,38,3,189,260
Mymensingh div,2023-10,13,49,1,197,211
Mymensingh div,2023-11,10,37,2,144,164
Mymensingh div,2023-12,5,45,3,112,163
Mymensingh div,2024-01,7,42,4,84,234
Mymensingh div,2024-02,5,39,4,124,294
Mymensingh div,2024-03,3,55,2,115,275
Mymensingh div,2024-04,3,42,2,108,285
Mymensingh div,2024-05,6,39,4,122,252
Mymensingh div,2024-06,5,31,5,119,254
Mymensingh div,2024-07,8,51,1,139,219
Mymensingh div,2024-08,3,30,2,87,40
Mymensingh div,2024-09,8,33,4,126,67
Mymensingh div,2024-10,5,53,5,112,123
Mymensingh div,2024-11,6,37,3,115,163
Mymensingh div,2024-12,9,33,6,81,192
Mymensingh div,2025-01,7,46,2,85,234
Mymensingh div,2025-02,6,35,4,94,207
Mymensingh div,2025-03,9,39,7,132,223
Mymensingh div,2025-04,39,37,7,120,293
Mymensingh div,2025-05,5,47,3,123,257
Mymensingh div,2025-06,8,39,6,133,276
Mymensingh div,2025-07,7,36,3,114,293
Rangpur div,2019-01,8,38,2,116,551
Rangpur div,2019-02,8,40,0,160,649
Rangpur div,2019-03,8,44,1,152,561
Rangpur div,2019-04,6,41,4,216,607
Rangpur div,2019-05,7,46,2,227,553
Rangpur div,2019-06,6,40,2,222,467
Rangpur div,2019-07,9,45,2,225,650
Rangpur div,2019-08,7,66,4,271,620
Rangpur div,2019-09,12,67,3,285,706
Rangpur div,2019-10,17,63,5,226,579
Rangpur div,2019-11,8,42,6,183,533
Rangpur div,2019-12,12,39,1,149,496
Rangpur div,2020-01,14,55,2,163,563
Rangpur div,2020-02,10,45,1,185,524
Rangpur div,2020-03,9,62,1,194,457
Rangpur div,2020-04,5,29,1,104,151
Rangpur div,2020-05,9,37,5,152,224
Rangpur div,2020-06,9,45,5,197,355
Rangpur div,2020-07,15,83,2,217,499
Rangpur div,2020-08,13,68,3,304,314
Rangpur div,2020-09,13,67,1,287,361
Rangpur div,2020-10,13,66,4,297,345
Rangpur div,2020-11,16,46,2,239,395
Rangpur div,2020-12,4,57,3,204,448
Rangpur div,2021-01,8,46,4,159,416
Rangpur div,2021-02,18,41,1,158,457
Rangpur div,2021-03,12,69,3,221,503
Rangpur div,2021-04,10,51,4,198,349
Rangpur div,2021-05,5,56,2,229,436
Rangpur div,2021-06,17,58,4,273,413
Rangpur div,2021-07,18,55,4,230,306
Rangpur div,2021-08,26,65,2,293,424
Rangpur div,2021-09,19,82,1,238,364
Rangpur div,2021-10,18,55,1,229,305
Rangpur div,2021-11,8,62,6,143,269
Rangpur div,2021-12,8,65,2,158,287
Rangpur div,2022-01,18,73,5,162,332
Rangpur div,2022-02,16,60,3,176,379
Rangpur div,2022-03,17,74,3,224,428
Rangpur div,2022-04,15,71,2,195,404
Rangpur div,2022-05,17,56,2,241,380
Rangpur div,2022-06,11,84,5,219,340
Rangpur div,2022-07,20,63,5,252,313
Rangpur div,2022-08,19,82,5,300,399
Rangpur div,2022-09,22,84,4,277,389
Rangpur div,2022-10,15,64,5,260,348
Rangpur div,2022-11,20,75,6,204,342
Rangpur div,2022-12,14,64,2,136,405
Rangpur div,2023-01,21,64,3,157,389
Rangpur div,2023-02,8,72,2,166,374
Rangpur div,2023-03,11,59,4,212,424
Rangpur div,2023-04,14,67,0,197,403
Rangpur div,2023-05,9,73,1,207,420
Rangpur div,2023-06,16,77,6,251,329
Rangpur div,2023-07,14,82,3,142,375
Rangpur div,2023-08,16,76,1,234,536
Rangpur div,2023-09,19,81,3,194,453
Rangpur div,2023-10,13,73,3,214,434
Rangpur div,2023-11,11,55,3,189,376
Rangpur div,2023-12,14,47,6,114,415
Rangpur div,2024-01,4,60,2,117,436
Rangpur div,2024-02,9,71,3,134,434
Rangpur div,2024-03,5,63,7,203,535
Rangpur div,2024-04,7,73,2,211,432
Rangpur div,2024-05,2,56,2,222,449
Rangpur div,2024-06,10,57,5,184,465
Rangpur div,2024-07,6,72,2,206,417
Rangpur div,2024-08,6,32,4,190,125
Rangpur div,2024-09,12,47,3,235,213
Rangpur div,2024-10,7,75,7,177,367
Rangpur div,2024-11,7,54,4,175,405
Rangpur div,2024-12,5,59,7,146,453
Rangpur div,2025-01,15,67,6,194,423
Rangpur div,2025-02,14,69,6,171,408
Rangpur div,2025-03,13,80,10,218,395
Rangpur div,2025-04,5,60,4,213,432
Rangpur div,2025-05,16,46,4,236,377
Rangpur div,2025-06,12,77,3,290,399
Rangpur div,2025-07,24,72,5,287,446
